SPOOL &2\P_04_Crear_Usuarios.log

DELETE FROM OWNER_RAFAM.VALORES_AUDITADOS_ITEMS;
DELETE FROM OWNER_RAFAM.VALORES_AUDITADOS;
DELETE FROM OWNER_RAFAM.AUDITORIA;


DELETE OWNER_RAFAM.USUARIO_MENU;

DELETE FROM OWNER_RAFAM.RESTRICCIONES_USUARIO;

DELETE OWNER_RAFAM.USUARIOS;

DELETE OWNER_RAFAM.GRUPO_USUARIO_MENU;
DELETE OWNER_RAFAM.GRUPOS_USUARIOS;


PROMPT --- Insert en Usuarios, Usuario_Menu, Grupo ------------;
INSERT INTO OWNER_RAFAM.GRUPOS_USUARIOS VALUES ('GRUPO_ADMIN', 'Grupo ADMIN', 7, 7, 7, 7);

INSERT INTO OWNER_RAFAM.USUARIOS VALUES('UG_GRUPO_ADMIN', 'Usuario Base del Grupo ADMIN', 'GRUPO_ADMIN', '8', '8', '8', '8', 'N', 'SYSTEM', SYSDATE, NULL, NULL, 'A', '990', 'S', 'N');

INSERT INTO OWNER_RAFAM.USUARIOS VALUES ('ADCAI', 'ADCAI', 'GRUPO_ADMIN', 8, 8, 8, 8, 'N', 'SYSTEM', SYSDATE, NULL, NULL, 'A', 900, 'N', 'N');
INSERT INTO OWNER_RAFAM.USUARIOS VALUES ('ADCAI1', 'ADCAI1', 'GRUPO_ADMIN', 8, 8, 8, 8, 'N', 'SYSTEM', SYSDATE, NULL, NULL, 'A', 900, 'N', 'N');
INSERT INTO OWNER_RAFAM.USUARIOS VALUES ('ADCAI2', 'ADCAI2', 'GRUPO_ADMIN', 8, 8, 8, 8, 'N', 'SYSTEM', SYSDATE, NULL, NULL, 'A', 900, 'N', 'N');
INSERT INTO OWNER_RAFAM.USUARIOS VALUES ('ADCAI3', 'ADCAI3', 'GRUPO_ADMIN', 8, 8, 8, 8, 'N', 'SYSTEM', SYSDATE, NULL, NULL, 'A', 900, 'N', 'N');
INSERT INTO OWNER_RAFAM.USUARIOS VALUES ('ADCAI4', 'ADCAI4', 'GRUPO_ADMIN', 8, 8, 8, 8, 'N', 'SYSTEM', SYSDATE, NULL, NULL, 'A', 900, 'N', 'N');
INSERT INTO OWNER_RAFAM.USUARIOS VALUES ('ADCAI5', 'ADCAI5', 'GRUPO_ADMIN', 8, 8, 8, 8, 'N', 'SYSTEM', SYSDATE, NULL, NULL, 'A', 900, 'N', 'N');


INSERT INTO OWNER_RAFAM.USUARIO_MENU VALUES ('ADCAI', 'CAS', 'CAS00000', 1);
INSERT INTO OWNER_RAFAM.USUARIO_MENU VALUES ('ADCAI', 'Presupuesto', 'PRE00000', 1);
INSERT INTO OWNER_RAFAM.USUARIO_MENU VALUES ('ADCAI', 'Contabilidad', 'CTA00000', 1);
INSERT INTO OWNER_RAFAM.USUARIO_MENU VALUES ('ADCAI', 'Inversión Pública', 'INV00000', 1);
INSERT INTO OWNER_RAFAM.USUARIO_MENU VALUES ('ADCAI', 'Bienes Físicos', 'BIE00000', 1);
INSERT INTO OWNER_RAFAM.USUARIO_MENU VALUES ('ADCAI', 'Contrataciones', 'CTR00000', 1);
INSERT INTO OWNER_RAFAM.USUARIO_MENU VALUES ('ADCAI', 'Tesorería', 'TES00000', 1);
INSERT INTO OWNER_RAFAM.USUARIO_MENU VALUES ('ADCAI', 'Crédito Público', 'CRE00000', 1);
INSERT INTO OWNER_RAFAM.USUARIO_MENU VALUES ('ADCAI', 'Personal', 'PER00000', 1);
INSERT INTO OWNER_RAFAM.USUARIO_MENU VALUES ('ADCAI', 'Ingresos Públicos', 'ING00000', 1);

INSERT INTO OWNER_RAFAM.USUARIO_MENU VALUES ('ADCAI1', 'CAS', 'CAS00000', 1);
INSERT INTO OWNER_RAFAM.USUARIO_MENU VALUES ('ADCAI1', 'Presupuesto', 'PRE00000', 1);
INSERT INTO OWNER_RAFAM.USUARIO_MENU VALUES ('ADCAI1', 'Contabilidad', 'CTA00000', 1);
INSERT INTO OWNER_RAFAM.USUARIO_MENU VALUES ('ADCAI1', 'Inversión Pública', 'INV00000', 1);
INSERT INTO OWNER_RAFAM.USUARIO_MENU VALUES ('ADCAI1', 'Bienes Físicos', 'BIE00000', 1);
INSERT INTO OWNER_RAFAM.USUARIO_MENU VALUES ('ADCAI1', 'Contrataciones', 'CTR00000', 1);
INSERT INTO OWNER_RAFAM.USUARIO_MENU VALUES ('ADCAI1', 'Tesorería', 'TES00000', 1);
INSERT INTO OWNER_RAFAM.USUARIO_MENU VALUES ('ADCAI1', 'Crédito Público', 'CRE00000', 1);
INSERT INTO OWNER_RAFAM.USUARIO_MENU VALUES ('ADCAI1', 'Personal', 'PER00000', 1);
INSERT INTO OWNER_RAFAM.USUARIO_MENU VALUES ('ADCAI1', 'Ingresos Públicos', 'ING00000', 1);

INSERT INTO OWNER_RAFAM.USUARIO_MENU VALUES ('ADCAI2', 'CAS', 'CAS00000', 1);
INSERT INTO OWNER_RAFAM.USUARIO_MENU VALUES ('ADCAI2', 'Presupuesto', 'PRE00000', 1);
INSERT INTO OWNER_RAFAM.USUARIO_MENU VALUES ('ADCAI2', 'Contabilidad', 'CTA00000', 1);
INSERT INTO OWNER_RAFAM.USUARIO_MENU VALUES ('ADCAI2', 'Inversión Pública', 'INV00000', 1);
INSERT INTO OWNER_RAFAM.USUARIO_MENU VALUES ('ADCAI2', 'Bienes Físicos', 'BIE00000', 1);
INSERT INTO OWNER_RAFAM.USUARIO_MENU VALUES ('ADCAI2', 'Contrataciones', 'CTR00000', 1);
INSERT INTO OWNER_RAFAM.USUARIO_MENU VALUES ('ADCAI2', 'Tesorería', 'TES00000', 1);
INSERT INTO OWNER_RAFAM.USUARIO_MENU VALUES ('ADCAI2', 'Crédito Público', 'CRE00000', 1);
INSERT INTO OWNER_RAFAM.USUARIO_MENU VALUES ('ADCAI2', 'Personal', 'PER00000', 1);
INSERT INTO OWNER_RAFAM.USUARIO_MENU VALUES ('ADCAI2', 'Ingresos Públicos', 'ING00000', 1);

INSERT INTO OWNER_RAFAM.USUARIO_MENU VALUES ('ADCAI3', 'CAS', 'CAS00000', 1);
INSERT INTO OWNER_RAFAM.USUARIO_MENU VALUES ('ADCAI3', 'Presupuesto', 'PRE00000', 1);
INSERT INTO OWNER_RAFAM.USUARIO_MENU VALUES ('ADCAI3', 'Contabilidad', 'CTA00000', 1);
INSERT INTO OWNER_RAFAM.USUARIO_MENU VALUES ('ADCAI3', 'Inversión Pública', 'INV00000', 1);
INSERT INTO OWNER_RAFAM.USUARIO_MENU VALUES ('ADCAI3', 'Bienes Físicos', 'BIE00000', 1);
INSERT INTO OWNER_RAFAM.USUARIO_MENU VALUES ('ADCAI3', 'Contrataciones', 'CTR00000', 1);
INSERT INTO OWNER_RAFAM.USUARIO_MENU VALUES ('ADCAI3', 'Tesorería', 'TES00000', 1);
INSERT INTO OWNER_RAFAM.USUARIO_MENU VALUES ('ADCAI3', 'Crédito Público', 'CRE00000', 1);
INSERT INTO OWNER_RAFAM.USUARIO_MENU VALUES ('ADCAI3', 'Personal', 'PER00000', 1);
INSERT INTO OWNER_RAFAM.USUARIO_MENU VALUES ('ADCAI3', 'Ingresos Públicos', 'ING00000', 1);

INSERT INTO OWNER_RAFAM.USUARIO_MENU VALUES ('ADCAI4', 'CAS', 'CAS00000', 1);
INSERT INTO OWNER_RAFAM.USUARIO_MENU VALUES ('ADCAI4', 'Presupuesto', 'PRE00000', 1);
INSERT INTO OWNER_RAFAM.USUARIO_MENU VALUES ('ADCAI4', 'Contabilidad', 'CTA00000', 1);
INSERT INTO OWNER_RAFAM.USUARIO_MENU VALUES ('ADCAI4', 'Inversión Pública', 'INV00000', 1);
INSERT INTO OWNER_RAFAM.USUARIO_MENU VALUES ('ADCAI4', 'Bienes Físicos', 'BIE00000', 1);
INSERT INTO OWNER_RAFAM.USUARIO_MENU VALUES ('ADCAI4', 'Contrataciones', 'CTR00000', 1);
INSERT INTO OWNER_RAFAM.USUARIO_MENU VALUES ('ADCAI4', 'Tesorería', 'TES00000', 1);
INSERT INTO OWNER_RAFAM.USUARIO_MENU VALUES ('ADCAI4', 'Crédito Público', 'CRE00000', 1);
INSERT INTO OWNER_RAFAM.USUARIO_MENU VALUES ('ADCAI4', 'Personal', 'PER00000', 1);
INSERT INTO OWNER_RAFAM.USUARIO_MENU VALUES ('ADCAI4', 'Ingresos Públicos', 'ING00000', 1);

INSERT INTO OWNER_RAFAM.USUARIO_MENU VALUES ('ADCAI5', 'CAS', 'CAS00000', 1);
INSERT INTO OWNER_RAFAM.USUARIO_MENU VALUES ('ADCAI5', 'Presupuesto', 'PRE00000', 1);
INSERT INTO OWNER_RAFAM.USUARIO_MENU VALUES ('ADCAI5', 'Contabilidad', 'CTA00000', 1);
INSERT INTO OWNER_RAFAM.USUARIO_MENU VALUES ('ADCAI5', 'Inversión Pública', 'INV00000', 1);
INSERT INTO OWNER_RAFAM.USUARIO_MENU VALUES ('ADCAI5', 'Bienes Físicos', 'BIE00000', 1);
INSERT INTO OWNER_RAFAM.USUARIO_MENU VALUES ('ADCAI5', 'Contrataciones', 'CTR00000', 1);
INSERT INTO OWNER_RAFAM.USUARIO_MENU VALUES ('ADCAI5', 'Tesorería', 'TES00000', 1);
INSERT INTO OWNER_RAFAM.USUARIO_MENU VALUES ('ADCAI5', 'Crédito Público', 'CRE00000', 1);
INSERT INTO OWNER_RAFAM.USUARIO_MENU VALUES ('ADCAI5', 'Personal', 'PER00000', 1);
INSERT INTO OWNER_RAFAM.USUARIO_MENU VALUES ('ADCAI5', 'Ingresos Públicos', 'ING00000', 1);

INSERT INTO OWNER_RAFAM.GRUPO_USUARIO_MENU VALUES ('GRUPO_ADMIN', 'CAS', 'CAS00000', 1);
INSERT INTO OWNER_RAFAM.GRUPO_USUARIO_MENU VALUES ('GRUPO_ADMIN', 'Presupuesto', 'PRE00000', 1);
INSERT INTO OWNER_RAFAM.GRUPO_USUARIO_MENU VALUES ('GRUPO_ADMIN', 'Contabilidad', 'CTA00000', 1);
INSERT INTO OWNER_RAFAM.GRUPO_USUARIO_MENU VALUES ('GRUPO_ADMIN', 'Inversión Pública', 'INV00000', 1);
INSERT INTO OWNER_RAFAM.GRUPO_USUARIO_MENU VALUES ('GRUPO_ADMIN', 'Bienes Físicos', 'BIE00000', 1);
INSERT INTO OWNER_RAFAM.GRUPO_USUARIO_MENU VALUES ('GRUPO_ADMIN', 'Contrataciones', 'CTR00000', 1);
INSERT INTO OWNER_RAFAM.GRUPO_USUARIO_MENU VALUES ('GRUPO_ADMIN', 'Tesorería', 'TES00000', 1);
INSERT INTO OWNER_RAFAM.GRUPO_USUARIO_MENU VALUES ('GRUPO_ADMIN', 'Crédito Público', 'CRE00000', 1);
INSERT INTO OWNER_RAFAM.GRUPO_USUARIO_MENU VALUES ('GRUPO_ADMIN', 'Personal', 'PER00000', 1);
INSERT INTO OWNER_RAFAM.GRUPO_USUARIO_MENU VALUES ('GRUPO_ADMIN', 'Ingresos Públicos', 'ING00000', 1);




PROMPT --- Creanción de Usuario para Curso de CAS --------------;
DROP USER CAS01;

CREATE USER CAS01 IDENTIFIED BY RCAS0110SAC
DEFAULT TABLESPACE USERS                                                                  
TEMPORARY TABLESPACE Temp;

GRANT CONNECT,ROL_CAS TO CAS01;

INSERT INTO OWNER_RAFAM.GRUPOS_USUARIOS VALUES ('GRUPO_CAS', 'Grupo CAS', 3, 3, 3, 3);

INSERT INTO OWNER_RAFAM.USUARIOS VALUES('UG_GRUPO_CAS', 'Usuario Base del Grupo GRUPO_CAS', 'GRUPO_CAS', '3', '3', '3', '3', 'N', 'SYSTEM', SYSDATE, NULL, NULL, 'O', '999', 'S', 'N');

INSERT INTO OWNER_RAFAM.USUARIOS VALUES ('CAS01', 'CAS01', 'GRUPO_CAS', 3, 3, 3, 3, 'N', 'SYSTEM', SYSDATE, NULL, NULL, 'O', 900, 'N', 'N');

INSERT INTO OWNER_RAFAM.USUARIO_MENU VALUES ('CAS01', 'CAS', 'CAS00000', 1);

INSERT INTO OWNER_RAFAM.GRUPO_USUARIO_MENU VALUES ('GRUPO_CAS', 'CAS', 'CAS00000', 1);
INSERT INTO OWNER_RAFAM.GRUPO_USUARIO_MENU VALUES ('GRUPO_CAS', 'Presupuesto', 'PRE00000', 1);
INSERT INTO OWNER_RAFAM.GRUPO_USUARIO_MENU VALUES ('GRUPO_CAS', 'Contabilidad', 'CTA00000', 1);
INSERT INTO OWNER_RAFAM.GRUPO_USUARIO_MENU VALUES ('GRUPO_CAS', 'Inversión Pública', 'INV00000', 1);
INSERT INTO OWNER_RAFAM.GRUPO_USUARIO_MENU VALUES ('GRUPO_CAS', 'Bienes Físicos', 'BIE00000', 1);
INSERT INTO OWNER_RAFAM.GRUPO_USUARIO_MENU VALUES ('GRUPO_CAS', 'Contrataciones', 'CTR00000', 1);
INSERT INTO OWNER_RAFAM.GRUPO_USUARIO_MENU VALUES ('GRUPO_CAS', 'Tesorería', 'TES00000', 1);
INSERT INTO OWNER_RAFAM.GRUPO_USUARIO_MENU VALUES ('GRUPO_CAS', 'Crédito Público', 'CRE00000', 1);
INSERT INTO OWNER_RAFAM.GRUPO_USUARIO_MENU VALUES ('GRUPO_CAS', 'Personal', 'PER00000', 1);
INSERT INTO OWNER_RAFAM.GRUPO_USUARIO_MENU VALUES ('GRUPO_CAS', 'Ingresos Públicos', 'ING00000', 1);


PROMPT --- Creanción de Usuarios para Curso de Presupuesto --------------;
DROP USER PRESUP01;
DROP USER PRESUP02;
DROP USER PRESUP03;
DROP USER PRESUP04;
DROP USER PRESUP05;

CREATE USER PRESUP01 IDENTIFIED BY RPRESUP0110PUSERP
DEFAULT TABLESPACE USERS                                                                  
TEMPORARY TABLESPACE Temp;
CREATE USER PRESUP02 IDENTIFIED BY RPRESUP0220PUSERP
DEFAULT TABLESPACE USERS                                                                  
TEMPORARY TABLESPACE Temp;
CREATE USER PRESUP03 IDENTIFIED BY RPRESUP0330PUSERP
DEFAULT TABLESPACE USERS                                                                  
TEMPORARY TABLESPACE Temp;
CREATE USER PRESUP04 IDENTIFIED BY RPRESUP0440PUSERP
DEFAULT TABLESPACE USERS                                                                  
TEMPORARY TABLESPACE Temp;
CREATE USER PRESUP05 IDENTIFIED BY RPRESUP0550PUSERP
DEFAULT TABLESPACE USERS                                                                  
TEMPORARY TABLESPACE Temp;


GRANT CONNECT,ROL_CAS TO PRESUP01;
GRANT CONNECT,ROL_CAS TO PRESUP02;
GRANT CONNECT,ROL_CAS TO PRESUP03;
GRANT CONNECT,ROL_CAS TO PRESUP04;
GRANT CONNECT,ROL_CAS TO PRESUP05;

INSERT INTO OWNER_RAFAM.GRUPOS_USUARIOS VALUES ('GRUPO_PRESUPUESTO', 'Grupo Presupuesto', 4, 4, 4, 4);

INSERT INTO OWNER_RAFAM.USUARIOS VALUES('UG_GRUPO_PRESUPUESTO', 'Usuario Base del Grupo GRUPO_PRESUPUESTO', 'GRUPO_PRESUPUESTO', '3', '3', '3', '3', 'N', 'SYSTEM', SYSDATE, NULL, NULL, 'O', '991', 'S', 'N');

INSERT INTO OWNER_RAFAM.USUARIOS VALUES ('PRESUP01', 'PRESUP01', 'GRUPO_PRESUPUESTO', 4, 4, 4, 4, 'N', 'SYSTEM', SYSDATE, NULL, NULL, 'O', 901, 'N', 'N');
INSERT INTO OWNER_RAFAM.USUARIOS VALUES ('PRESUP02', 'PRESUP02', 'GRUPO_PRESUPUESTO', 4, 4, 4, 4, 'N', 'SYSTEM', SYSDATE, NULL, NULL, 'O', 902, 'N', 'N');
INSERT INTO OWNER_RAFAM.USUARIOS VALUES ('PRESUP03', 'PRESUP03', 'GRUPO_PRESUPUESTO', 4, 4, 4, 4, 'N', 'SYSTEM', SYSDATE, NULL, NULL, 'O', 903, 'N', 'N');
INSERT INTO OWNER_RAFAM.USUARIOS VALUES ('PRESUP04', 'PRESUP04', 'GRUPO_PRESUPUESTO', 4, 4, 4, 4, 'N', 'SYSTEM', SYSDATE, NULL, NULL, 'O', 904, 'N', 'N');
INSERT INTO OWNER_RAFAM.USUARIOS VALUES ('PRESUP05', 'PRESUP05', 'GRUPO_PRESUPUESTO', 4, 4, 4, 4, 'N', 'SYSTEM', SYSDATE, NULL, NULL, 'O', 905, 'N', 'N');

INSERT INTO OWNER_RAFAM.USUARIO_MENU VALUES ('PRESUP01', 'Presupuesto', 'PRE00000', 1);
INSERT INTO OWNER_RAFAM.USUARIO_MENU VALUES ('PRESUP02', 'Presupuesto', 'PRE00000', 1);
INSERT INTO OWNER_RAFAM.USUARIO_MENU VALUES ('PRESUP03', 'Presupuesto', 'PRE00000', 1);
INSERT INTO OWNER_RAFAM.USUARIO_MENU VALUES ('PRESUP04', 'Presupuesto', 'PRE00000', 1);
INSERT INTO OWNER_RAFAM.USUARIO_MENU VALUES ('PRESUP05', 'Presupuesto', 'PRE00000', 1);

INSERT INTO OWNER_RAFAM.GRUPO_USUARIO_MENU VALUES ('GRUPO_PRESUPUESTO', 'Presupuesto', 'PRE00000', 1);



PROMPT --- Creanción de Usuarios para Curso de CONTABILIDAD --------------;
DROP USER CONTAB01;
DROP USER CONTAB02;
DROP USER CONTAB03;
DROP USER CONTAB04;
DROP USER CONTAB05;

CREATE USER CONTAB01 IDENTIFIED BY RCONTAB0110BATNOC
DEFAULT TABLESPACE USERS                                                                  
TEMPORARY TABLESPACE Temp;
CREATE USER CONTAB02 IDENTIFIED BY RCONTAB0220BATNOC
DEFAULT TABLESPACE USERS                                                                  
TEMPORARY TABLESPACE Temp;
CREATE USER CONTAB03 IDENTIFIED BY RCONTAB0330BATNOC
DEFAULT TABLESPACE USERS                                                                  
TEMPORARY TABLESPACE Temp;
CREATE USER CONTAB04 IDENTIFIED BY RCONTAB0440BATNOC
DEFAULT TABLESPACE USERS                                                                  
TEMPORARY TABLESPACE Temp;
CREATE USER CONTAB05 IDENTIFIED BY RCONTAB0550BATNOC
DEFAULT TABLESPACE USERS                                                                  
TEMPORARY TABLESPACE Temp;

GRANT CONNECT,ROL_CAS TO CONTAB01;
GRANT CONNECT,ROL_CAS TO CONTAB02;
GRANT CONNECT,ROL_CAS TO CONTAB03;
GRANT CONNECT,ROL_CAS TO CONTAB04;
GRANT CONNECT,ROL_CAS TO CONTAB05;

INSERT INTO OWNER_RAFAM.GRUPOS_USUARIOS VALUES ('GRUPO_CONTAB', 'Grupo Contabilidad', 4, 4, 4, 4);

INSERT INTO OWNER_RAFAM.USUARIOS VALUES('UG_GRUPO_CONTAB', 'Usuario Base del Grupo GRUPO_CONTAB', 'GRUPO_CONTAB', '3', '3', '3', '3', 'N', 'SYSTEM', SYSDATE, NULL, NULL, 'O', '996', 'S', 'N');

INSERT INTO OWNER_RAFAM.USUARIOS VALUES ('CONTAB01', 'CONTAB01', 'GRUPO_CONTAB', 4, 4, 4, 4, 'N', 'SYSTEM', SYSDATE, NULL, NULL, 'O', 910, 'N', 'N');
INSERT INTO OWNER_RAFAM.USUARIOS VALUES ('CONTAB02', 'CONTAB02', 'GRUPO_CONTAB', 4, 4, 4, 4, 'N', 'SYSTEM', SYSDATE, NULL, NULL, 'O', 911, 'N', 'N');
INSERT INTO OWNER_RAFAM.USUARIOS VALUES ('CONTAB03', 'CONTAB03', 'GRUPO_CONTAB', 4, 4, 4, 4, 'N', 'SYSTEM', SYSDATE, NULL, NULL, 'O', 912, 'N', 'N');
INSERT INTO OWNER_RAFAM.USUARIOS VALUES ('CONTAB04', 'CONTAB04', 'GRUPO_CONTAB', 4, 4, 4, 4, 'N', 'SYSTEM', SYSDATE, NULL, NULL, 'O', 913, 'N', 'N');
INSERT INTO OWNER_RAFAM.USUARIOS VALUES ('CONTAB05', 'CONTAB05', 'GRUPO_CONTAB', 4, 4, 4, 4, 'N', 'SYSTEM', SYSDATE, NULL, NULL, 'O', 914, 'N', 'N');

INSERT INTO OWNER_RAFAM.USUARIO_MENU VALUES ('CONTAB01', 'Contabilidad', 'CTA00000', 1);
INSERT INTO OWNER_RAFAM.USUARIO_MENU VALUES ('CONTAB02', 'Contabilidad', 'CTA00000', 1);
INSERT INTO OWNER_RAFAM.USUARIO_MENU VALUES ('CONTAB03', 'Contabilidad', 'CTA00000', 1);
INSERT INTO OWNER_RAFAM.USUARIO_MENU VALUES ('CONTAB04', 'Contabilidad', 'CTA00000', 1);
INSERT INTO OWNER_RAFAM.USUARIO_MENU VALUES ('CONTAB05', 'Contabilidad', 'CTA00000', 1);

INSERT INTO OWNER_RAFAM.GRUPO_USUARIO_MENU VALUES ('GRUPO_CONTAB', 'Contabilidad', 'CTA00000', 1);


PROMPT --- Creanción de Usuarios para Curso de CREDITO PUBLICO --------------;
DROP USER CRE01;
DROP USER CRE02;
DROP USER CRE03;
DROP USER CRE04;
DROP USER CRE05;

CREATE USER CRE01 IDENTIFIED BY RCRE0110ERC
DEFAULT TABLESPACE USERS                                                                  
TEMPORARY TABLESPACE Temp;
CREATE USER CRE02 IDENTIFIED BY RCRE0220ERC
DEFAULT TABLESPACE USERS                                                                  
TEMPORARY TABLESPACE Temp;
CREATE USER CRE03 IDENTIFIED BY RCRE0330ERC
DEFAULT TABLESPACE USERS                                                                  
TEMPORARY TABLESPACE Temp;
CREATE USER CRE04 IDENTIFIED BY RCRE0440ERC
DEFAULT TABLESPACE USERS                                                                  
TEMPORARY TABLESPACE Temp;
CREATE USER CRE05 IDENTIFIED BY RCRE0550ERC
DEFAULT TABLESPACE USERS                                                                  
TEMPORARY TABLESPACE Temp;


GRANT CONNECT,ROL_CAS TO CRE01;
GRANT CONNECT,ROL_CAS TO CRE02;
GRANT CONNECT,ROL_CAS TO CRE03;
GRANT CONNECT,ROL_CAS TO CRE04;
GRANT CONNECT,ROL_CAS TO CRE05;

INSERT INTO OWNER_RAFAM.GRUPOS_USUARIOS VALUES ('GRUPO_CREDITO', 'Grupo Crédito Público', 3, 3, 3, 3);

INSERT INTO OWNER_RAFAM.USUARIOS VALUES('UG_GRUPO_CREDITO', 'Usuario Base del Grupo GRUPO_CREDITO', 'GRUPO_CREDITO', '3', '3', '3', '3', 'N', 'SYSTEM', SYSDATE, NULL, NULL, 'O', '993', 'S', 'N');

INSERT INTO OWNER_RAFAM.USUARIOS VALUES ('CRE01', 'CRE01', 'GRUPO_CREDITO', 3, 3, 3, 3, 'N', 'SYSTEM', SYSDATE, NULL, NULL, 'O', 921, 'N', 'N');
INSERT INTO OWNER_RAFAM.USUARIOS VALUES ('CRE02', 'CRE02', 'GRUPO_CREDITO', 3, 3, 3, 3, 'N', 'SYSTEM', SYSDATE, NULL, NULL, 'O', 922, 'N', 'N');
INSERT INTO OWNER_RAFAM.USUARIOS VALUES ('CRE03', 'CRE03', 'GRUPO_CREDITO', 3, 3, 3, 3, 'N', 'SYSTEM', SYSDATE, NULL, NULL, 'O', 923, 'N', 'N');
INSERT INTO OWNER_RAFAM.USUARIOS VALUES ('CRE04', 'CRE04', 'GRUPO_CREDITO', 3, 3, 3, 3, 'N', 'SYSTEM', SYSDATE, NULL, NULL, 'O', 924, 'N', 'N');
INSERT INTO OWNER_RAFAM.USUARIOS VALUES ('CRE05', 'CRE05', 'GRUPO_CREDITO', 3, 3, 3, 3, 'N', 'SYSTEM', SYSDATE, NULL, NULL, 'O', 925, 'N', 'N');

INSERT INTO OWNER_RAFAM.USUARIO_MENU VALUES ('CRE01', 'Crédito Público', 'CRE00000', 1);
INSERT INTO OWNER_RAFAM.USUARIO_MENU VALUES ('CRE02', 'Crédito Público', 'CRE00000', 1);
INSERT INTO OWNER_RAFAM.USUARIO_MENU VALUES ('CRE03', 'Crédito Público', 'CRE00000', 1);
INSERT INTO OWNER_RAFAM.USUARIO_MENU VALUES ('CRE04', 'Crédito Público', 'CRE00000', 1);
INSERT INTO OWNER_RAFAM.USUARIO_MENU VALUES ('CRE05', 'Crédito Público', 'CRE00000', 1);

INSERT INTO OWNER_RAFAM.GRUPO_USUARIO_MENU VALUES ('GRUPO_CREDITO', 'Crédito Público', 'CRE00000', 1);


PROMPT --- Creanción de Usuarios para Curso de BIENES FISICOS --------------;
DROP USER BIE01;
DROP USER BIE02;
DROP USER BIE03;
DROP USER BIE04;
DROP USER BIE05;

CREATE USER BIE01 IDENTIFIED BY RBIE0110EIB
DEFAULT TABLESPACE USERS                                                                  
TEMPORARY TABLESPACE Temp;
CREATE USER BIE02 IDENTIFIED BY RBIE0220EIB
DEFAULT TABLESPACE USERS                                                                  
TEMPORARY TABLESPACE Temp;
CREATE USER BIE03 IDENTIFIED BY RBIE0330EIB
DEFAULT TABLESPACE USERS                                                                  
TEMPORARY TABLESPACE Temp;
CREATE USER BIE04 IDENTIFIED BY RBIE0440EIB
DEFAULT TABLESPACE USERS                                                                  
TEMPORARY TABLESPACE Temp;
CREATE USER BIE05 IDENTIFIED BY RBIE0550EIB
DEFAULT TABLESPACE USERS                                                                  
TEMPORARY TABLESPACE Temp;


GRANT CONNECT,ROL_CAS TO BIE01;
GRANT CONNECT,ROL_CAS TO BIE02;
GRANT CONNECT,ROL_CAS TO BIE03;
GRANT CONNECT,ROL_CAS TO BIE04;
GRANT CONNECT,ROL_CAS TO BIE05;

INSERT INTO OWNER_RAFAM.GRUPOS_USUARIOS VALUES ('GRUPO_BIENES', 'Grupo Bienes Físicos', 3, 3, 3, 3);

INSERT INTO OWNER_RAFAM.USUARIOS VALUES('UG_GRUPO_BIENES', 'Usuario Base del Grupo GRUPO_BIENES', 'GRUPO_BIENES', '3', '3', '3', '3', 'N', 'SYSTEM', SYSDATE, NULL, NULL, 'O', '995', 'S', 'N');

INSERT INTO OWNER_RAFAM.USUARIOS VALUES ('BIE01', 'BIE01', 'GRUPO_BIENES', 3, 3, 3, 3, 'N', 'SYSTEM', SYSDATE, NULL, NULL, 'O', 931, 'N', 'N');
INSERT INTO OWNER_RAFAM.USUARIOS VALUES ('BIE02', 'BIE02', 'GRUPO_BIENES', 3, 3, 3, 3, 'N', 'SYSTEM', SYSDATE, NULL, NULL, 'O', 932, 'N', 'N');
INSERT INTO OWNER_RAFAM.USUARIOS VALUES ('BIE03', 'BIE03', 'GRUPO_BIENES', 3, 3, 3, 3, 'N', 'SYSTEM', SYSDATE, NULL, NULL, 'O', 933, 'N', 'N');
INSERT INTO OWNER_RAFAM.USUARIOS VALUES ('BIE04', 'BIE04', 'GRUPO_BIENES', 3, 3, 3, 3, 'N', 'SYSTEM', SYSDATE, NULL, NULL, 'O', 934, 'N', 'N');
INSERT INTO OWNER_RAFAM.USUARIOS VALUES ('BIE05', 'BIE05', 'GRUPO_BIENES', 3, 3, 3, 3, 'N', 'SYSTEM', SYSDATE, NULL, NULL, 'O', 935, 'N', 'N');

INSERT INTO OWNER_RAFAM.USUARIO_MENU VALUES ('BIE01', 'Bienes Físicos', 'BIE00000', 1);
INSERT INTO OWNER_RAFAM.USUARIO_MENU VALUES ('BIE02', 'Bienes Físicos', 'BIE00000', 1);
INSERT INTO OWNER_RAFAM.USUARIO_MENU VALUES ('BIE03', 'Bienes Físicos', 'BIE00000', 1);
INSERT INTO OWNER_RAFAM.USUARIO_MENU VALUES ('BIE04', 'Bienes Físicos', 'BIE00000', 1);
INSERT INTO OWNER_RAFAM.USUARIO_MENU VALUES ('BIE05', 'Bienes Físicos', 'BIE00000', 1);

INSERT INTO OWNER_RAFAM.GRUPO_USUARIO_MENU VALUES ('GRUPO_BIENES', 'Bienes Físicos', 'BIE00000', 1);



PROMPT --- Creanción de Usuarios para Curso de CONTRATACIONES --------------;
DROP USER CONTRA01;
DROP USER CONTRA02;
DROP USER CONTRA03;
DROP USER CONTRA04;
DROP USER CONTRA05;

CREATE USER CONTRA01 IDENTIFIED BY RCONTRA0110ARTNOC
DEFAULT TABLESPACE USERS                                                                  
TEMPORARY TABLESPACE Temp;
CREATE USER CONTRA02 IDENTIFIED BY RCONTRA0220ARTNOC
DEFAULT TABLESPACE USERS                                                                  
TEMPORARY TABLESPACE Temp;
CREATE USER CONTRA03 IDENTIFIED BY RCONTRA0330ARTNOC
DEFAULT TABLESPACE USERS                                                                  
TEMPORARY TABLESPACE Temp;
CREATE USER CONTRA04 IDENTIFIED BY RCONTRA0440ARTNOC
DEFAULT TABLESPACE USERS                                                                  
TEMPORARY TABLESPACE Temp;
CREATE USER CONTRA05 IDENTIFIED BY RCONTRA0550ARTNOC
DEFAULT TABLESPACE USERS                                                                  
TEMPORARY TABLESPACE Temp;


GRANT CONNECT,ROL_CAS TO CONTRA01;
GRANT CONNECT,ROL_CAS TO CONTRA02;
GRANT CONNECT,ROL_CAS TO CONTRA03;
GRANT CONNECT,ROL_CAS TO CONTRA04;
GRANT CONNECT,ROL_CAS TO CONTRA05;

INSERT INTO OWNER_RAFAM.GRUPOS_USUARIOS VALUES ('GRUPO_CONTRATA', 'Grupo Contrataciones', 3, 3, 3, 3);

INSERT INTO OWNER_RAFAM.USUARIOS VALUES('UG_GRUPO_CONTRATA', 'Usuario Base del Grupo GRUPO_CONTRATA', 'GRUPO_CONTRATA', '3', '3', '3', '3', 'N', 'SYSTEM', SYSDATE, NULL, NULL, 'O', '994', 'S', 'N');

INSERT INTO OWNER_RAFAM.USUARIOS VALUES ('CONTRA01', 'CONTRA01', 'GRUPO_CONTRATA', 3, 3, 3, 3, 'N', 'SYSTEM', SYSDATE, NULL, NULL, 'O', 941, 'N', 'N');
INSERT INTO OWNER_RAFAM.USUARIOS VALUES ('CONTRA02', 'CONTRA02', 'GRUPO_CONTRATA', 3, 3, 3, 3, 'N', 'SYSTEM', SYSDATE, NULL, NULL, 'O', 942, 'N', 'N');
INSERT INTO OWNER_RAFAM.USUARIOS VALUES ('CONTRA03', 'CONTRA03', 'GRUPO_CONTRATA', 3, 3, 3, 3, 'N', 'SYSTEM', SYSDATE, NULL, NULL, 'O', 943, 'N', 'N');
INSERT INTO OWNER_RAFAM.USUARIOS VALUES ('CONTRA04', 'CONTRA04', 'GRUPO_CONTRATA', 3, 3, 3, 3, 'N', 'SYSTEM', SYSDATE, NULL, NULL, 'O', 944, 'N', 'N');
INSERT INTO OWNER_RAFAM.USUARIOS VALUES ('CONTRA05', 'CONTRA05', 'GRUPO_CONTRATA', 3, 3, 3, 3, 'N', 'SYSTEM', SYSDATE, NULL, NULL, 'O', 945, 'N', 'N');

INSERT INTO OWNER_RAFAM.USUARIO_MENU VALUES ('CONTRA01', 'Contrataciones', 'CTR00000', 1);
INSERT INTO OWNER_RAFAM.USUARIO_MENU VALUES ('CONTRA02', 'Contrataciones', 'CTR00000', 1);
INSERT INTO OWNER_RAFAM.USUARIO_MENU VALUES ('CONTRA03', 'Contrataciones', 'CTR00000', 1);
INSERT INTO OWNER_RAFAM.USUARIO_MENU VALUES ('CONTRA04', 'Contrataciones', 'CTR00000', 1);
INSERT INTO OWNER_RAFAM.USUARIO_MENU VALUES ('CONTRA05', 'Contrataciones', 'CTR00000', 1);

INSERT INTO OWNER_RAFAM.GRUPO_USUARIO_MENU VALUES ('GRUPO_CONTRATA', 'Contrataciones', 'CTR00000', 1);



PROMPT --- Creanción de Usuarios para Curso de TESORERIA --------------;
DROP USER TESO01;
DROP USER TESO02;
DROP USER TESO03;
DROP USER TESO04;
DROP USER TESO05;

CREATE USER TESO01 IDENTIFIED BY RTESO0110OSET
DEFAULT TABLESPACE USERS                                                                  
TEMPORARY TABLESPACE Temp;
CREATE USER TESO02 IDENTIFIED BY RTESO0220OSET
DEFAULT TABLESPACE USERS                                                                  
TEMPORARY TABLESPACE Temp;
CREATE USER TESO03 IDENTIFIED BY RTESO0330OSET
DEFAULT TABLESPACE USERS                                                                  
TEMPORARY TABLESPACE Temp;
CREATE USER TESO04 IDENTIFIED BY RTESO0440OSET
DEFAULT TABLESPACE USERS                                                                  
TEMPORARY TABLESPACE Temp;
CREATE USER TESO05 IDENTIFIED BY RTESO0550OSET
DEFAULT TABLESPACE USERS                                                                  
TEMPORARY TABLESPACE Temp;


GRANT CONNECT,ROL_CAS TO TESO01;
GRANT CONNECT,ROL_CAS TO TESO02;
GRANT CONNECT,ROL_CAS TO TESO03;
GRANT CONNECT,ROL_CAS TO TESO04;
GRANT CONNECT,ROL_CAS TO TESO05;

INSERT INTO OWNER_RAFAM.GRUPOS_USUARIOS VALUES ('GRUPO_TESORERIA', 'Grupo Tesorería', 3, 3, 3, 3);

INSERT INTO OWNER_RAFAM.USUARIOS VALUES('UG_GRUPO_TESORERIA', 'Usuario Base del Grupo GRUPO_TESORERIA', 'GRUPO_TESORERIA', '3', '3', '3', '3', 'N', 'SYSTEM', SYSDATE, NULL, NULL, 'O', '997', 'S', 'N');

INSERT INTO OWNER_RAFAM.USUARIOS VALUES ('TESO01', 'TESO01', 'GRUPO_TESORERIA', 3, 3, 3, 3, 'N', 'SYSTEM', SYSDATE, NULL, NULL, 'O', 951, 'N', 'N');
INSERT INTO OWNER_RAFAM.USUARIOS VALUES ('TESO02', 'TESO02', 'GRUPO_TESORERIA', 3, 3, 3, 3, 'N', 'SYSTEM', SYSDATE, NULL, NULL, 'O', 952, 'N', 'N');
INSERT INTO OWNER_RAFAM.USUARIOS VALUES ('TESO03', 'TESO03', 'GRUPO_TESORERIA', 3, 3, 3, 3, 'N', 'SYSTEM', SYSDATE, NULL, NULL, 'O', 953, 'N', 'N');
INSERT INTO OWNER_RAFAM.USUARIOS VALUES ('TESO04', 'TESO04', 'GRUPO_TESORERIA', 3, 3, 3, 3, 'N', 'SYSTEM', SYSDATE, NULL, NULL, 'O', 954, 'N', 'N');
INSERT INTO OWNER_RAFAM.USUARIOS VALUES ('TESO05', 'TESO05', 'GRUPO_TESORERIA', 3, 3, 3, 3, 'N', 'SYSTEM', SYSDATE, NULL, NULL, 'O', 955, 'N', 'N');

INSERT INTO OWNER_RAFAM.USUARIO_MENU VALUES ('TESO01', 'Tesorería', 'TES00000', 1);
INSERT INTO OWNER_RAFAM.USUARIO_MENU VALUES ('TESO02', 'Tesorería', 'TES00000', 1);
INSERT INTO OWNER_RAFAM.USUARIO_MENU VALUES ('TESO03', 'Tesorería', 'TES00000', 1);
INSERT INTO OWNER_RAFAM.USUARIO_MENU VALUES ('TESO04', 'Tesorería', 'TES00000', 1);
INSERT INTO OWNER_RAFAM.USUARIO_MENU VALUES ('TESO05', 'Tesorería', 'TES00000', 1);

INSERT INTO OWNER_RAFAM.GRUPO_USUARIO_MENU VALUES ('GRUPO_TESORERIA', 'Tesorería', 'TES00000', 1);



PROMPT --- Creanción de Usuarios para Curso de INVERSION PUBLICA --------------;
DROP USER INV01;
DROP USER INV02;
DROP USER INV03;
DROP USER INV04;
DROP USER INV05;

CREATE USER INV01 IDENTIFIED BY RINV0110VNI
DEFAULT TABLESPACE USERS                                                                  
TEMPORARY TABLESPACE Temp;
CREATE USER INV02 IDENTIFIED BY RINV0220VNI
DEFAULT TABLESPACE USERS                                                                  
TEMPORARY TABLESPACE Temp;
CREATE USER INV03 IDENTIFIED BY RINV0330VNI
DEFAULT TABLESPACE USERS                                                                  
TEMPORARY TABLESPACE Temp;
CREATE USER INV04 IDENTIFIED BY RINV0440VNI
DEFAULT TABLESPACE USERS                                                                  
TEMPORARY TABLESPACE Temp;
CREATE USER INV05 IDENTIFIED BY RINV0550VNI
DEFAULT TABLESPACE USERS                                                                  
TEMPORARY TABLESPACE Temp;


GRANT CONNECT,ROL_CAS TO INV01;
GRANT CONNECT,ROL_CAS TO INV02;
GRANT CONNECT,ROL_CAS TO INV03;
GRANT CONNECT,ROL_CAS TO INV04;
GRANT CONNECT,ROL_CAS TO INV05;

INSERT INTO OWNER_RAFAM.GRUPOS_USUARIOS VALUES ('GRUPO_INVERSION', 'Grupo Inversión Pública', 3, 3, 3, 3);

INSERT INTO OWNER_RAFAM.USUARIOS VALUES('UG_GRUPO_INVERSION', 'Usuario Base del Grupo GRUPO_INVERSION', 'GRUPO_INVERSION', '3', '3', '3', '3', 'N', 'SYSTEM', SYSDATE, NULL, NULL, 'O', '992', 'S', 'N');

INSERT INTO OWNER_RAFAM.USUARIOS VALUES ('INV01', 'INV01', 'GRUPO_INVERSION', 3, 3, 3, 3, 'N', 'SYSTEM', SYSDATE, NULL, NULL, 'O', 961, 'N', 'N');
INSERT INTO OWNER_RAFAM.USUARIOS VALUES ('INV02', 'INV02', 'GRUPO_INVERSION', 3, 3, 3, 3, 'N', 'SYSTEM', SYSDATE, NULL, NULL, 'O', 962, 'N', 'N');
INSERT INTO OWNER_RAFAM.USUARIOS VALUES ('INV03', 'INV03', 'GRUPO_INVERSION', 3, 3, 3, 3, 'N', 'SYSTEM', SYSDATE, NULL, NULL, 'O', 963, 'N', 'N');
INSERT INTO OWNER_RAFAM.USUARIOS VALUES ('INV04', 'INV04', 'GRUPO_INVERSION', 3, 3, 3, 3, 'N', 'SYSTEM', SYSDATE, NULL, NULL, 'O', 964, 'N', 'N');
INSERT INTO OWNER_RAFAM.USUARIOS VALUES ('INV05', 'INV05', 'GRUPO_INVERSION', 3, 3, 3, 3, 'N', 'SYSTEM', SYSDATE, NULL, NULL, 'O', 965, 'N', 'N');

INSERT INTO OWNER_RAFAM.USUARIO_MENU VALUES ('INV01', 'Inversión Pública', 'INV00000', 1);
INSERT INTO OWNER_RAFAM.USUARIO_MENU VALUES ('INV02', 'Inversión Pública', 'INV00000', 1);
INSERT INTO OWNER_RAFAM.USUARIO_MENU VALUES ('INV03', 'Inversión Pública', 'INV00000', 1);
INSERT INTO OWNER_RAFAM.USUARIO_MENU VALUES ('INV04', 'Inversión Pública', 'INV00000', 1);
INSERT INTO OWNER_RAFAM.USUARIO_MENU VALUES ('INV05', 'Inversión Pública', 'INV00000', 1);

INSERT INTO OWNER_RAFAM.GRUPO_USUARIO_MENU VALUES ('GRUPO_INVERSION', 'Inversión Pública', 'INV00000', 1);


PROMPT --- Creanción de Usuarios para Curso de PERSONAL --------------;
DROP USER PERSO01;
DROP USER PERSO02;
DROP USER PERSO03;
DROP USER PERSO04;
DROP USER PERSO05;

CREATE USER PERSO01 IDENTIFIED BY RPERSO0110OSREP
DEFAULT TABLESPACE USERS                                                                  
TEMPORARY TABLESPACE Temp;
CREATE USER PERSO02 IDENTIFIED BY RPERSO0220OSREP
DEFAULT TABLESPACE USERS                                                                  
TEMPORARY TABLESPACE Temp;
CREATE USER PERSO03 IDENTIFIED BY RPERSO0330OSREP
DEFAULT TABLESPACE USERS                                                                  
TEMPORARY TABLESPACE Temp;
CREATE USER PERSO04 IDENTIFIED BY RPERSO0440OSREP
DEFAULT TABLESPACE USERS                                                                  
TEMPORARY TABLESPACE Temp;
CREATE USER PERSO05 IDENTIFIED BY RPERSO0550OSREP
DEFAULT TABLESPACE USERS                                                                  
TEMPORARY TABLESPACE Temp;


GRANT CONNECT,ROL_CAS TO PERSO01;
GRANT CONNECT,ROL_CAS TO PERSO02;
GRANT CONNECT,ROL_CAS TO PERSO03;
GRANT CONNECT,ROL_CAS TO PERSO04;
GRANT CONNECT,ROL_CAS TO PERSO05;


INSERT INTO OWNER_RAFAM.GRUPOS_USUARIOS VALUES ('GRUPO_PERSONAL', 'Grupo Personal', 3, 3, 3, 3);

INSERT INTO OWNER_RAFAM.USUARIOS VALUES('UG_GRUPO_PERSONAL', 'Usuario Base del Grupo GRUPO_PERSONAL', 'GRUPO_PERSONAL', '3', '3', '3', '3', 'N', 'SYSTEM', SYSDATE, NULL, NULL, 'O', '989', 'S', 'N');

INSERT INTO OWNER_RAFAM.USUARIOS VALUES ('PERSO01', 'PERSO01', 'GRUPO_PERSONAL', 3, 3, 3, 3, 'N', 'SYSTEM', SYSDATE, NULL, NULL, 'O', 988, 'N', 'N');
INSERT INTO OWNER_RAFAM.USUARIOS VALUES ('PERSO02', 'PERSO02', 'GRUPO_PERSONAL', 3, 3, 3, 3, 'N', 'SYSTEM', SYSDATE, NULL, NULL, 'O', 987, 'N', 'N');
INSERT INTO OWNER_RAFAM.USUARIOS VALUES ('PERSO03', 'PERSO03', 'GRUPO_PERSONAL', 3, 3, 3, 3, 'N', 'SYSTEM', SYSDATE, NULL, NULL, 'O', 986, 'N', 'N');
INSERT INTO OWNER_RAFAM.USUARIOS VALUES ('PERSO04', 'PERSO04', 'GRUPO_PERSONAL', 3, 3, 3, 3, 'N', 'SYSTEM', SYSDATE, NULL, NULL, 'O', 985, 'N', 'N');
INSERT INTO OWNER_RAFAM.USUARIOS VALUES ('PERSO05', 'PERSO05', 'GRUPO_PERSONAL', 3, 3, 3, 3, 'N', 'SYSTEM', SYSDATE, NULL, NULL, 'O', 984, 'N', 'N');

INSERT INTO OWNER_RAFAM.USUARIO_MENU VALUES ('PERSO01', 'Personal', 'PER00000', 1);
INSERT INTO OWNER_RAFAM.USUARIO_MENU VALUES ('PERSO02', 'Personal', 'PER00000', 1);
INSERT INTO OWNER_RAFAM.USUARIO_MENU VALUES ('PERSO03', 'Personal', 'PER00000', 1);
INSERT INTO OWNER_RAFAM.USUARIO_MENU VALUES ('PERSO04', 'Personal', 'PER00000', 1);
INSERT INTO OWNER_RAFAM.USUARIO_MENU VALUES ('PERSO05', 'Personal', 'PER00000', 1);

INSERT INTO OWNER_RAFAM.GRUPO_USUARIO_MENU VALUES ('GRUPO_PERSONAL', 'Personal', 'PER00000', 1);



PROMPT --- Creanción de Usuarios para Curso de INGRESOS PUBLICOS -----;
DROP USER ING01;
DROP USER ING02;
DROP USER ING03;
DROP USER ING04;
DROP USER ING05;


CREATE USER ING01 IDENTIFIED BY RING0110GNI
DEFAULT TABLESPACE USERS                                                                  
TEMPORARY TABLESPACE Temp;
CREATE USER ING02 IDENTIFIED BY RING0220GNI
DEFAULT TABLESPACE USERS                                                                  
TEMPORARY TABLESPACE Temp;
CREATE USER ING03 IDENTIFIED BY RING0330GNI
DEFAULT TABLESPACE USERS                                                                  
TEMPORARY TABLESPACE Temp;
CREATE USER ING04 IDENTIFIED BY RING0440GNI
DEFAULT TABLESPACE USERS                                                                  
TEMPORARY TABLESPACE Temp;
CREATE USER ING05 IDENTIFIED BY RING0550GNI
DEFAULT TABLESPACE USERS                                                                  
TEMPORARY TABLESPACE Temp;


GRANT CONNECT,ROL_CAS TO ING01;
GRANT CONNECT,ROL_CAS TO ING01;
GRANT CONNECT,ROL_CAS TO ING01;
GRANT CONNECT,ROL_CAS TO ING01;
GRANT CONNECT,ROL_CAS TO ING01;


INSERT INTO OWNER_RAFAM.GRUPOS_USUARIOS VALUES ('GRUPO_INGRESOS', 'Grupo Ingresos', 3, 3, 3, 3);

INSERT INTO OWNER_RAFAM.USUARIOS VALUES('UG_GRUPO_INGRESOS', 'Usuario Base del Grupo GRUPO_INGRESOS', 'GRUPO_INGRESOS', '3', '3', '3', '3', 'N', 'SYSTEM', SYSDATE, NULL, NULL, 'O', '970', 'S', 'N');

INSERT INTO OWNER_RAFAM.USUARIOS VALUES ('ING01', 'ING01', 'GRUPO_INGRESOS', 3, 3, 3, 3, 'N', 'SYSTEM', SYSDATE, NULL, NULL, 'O', 971, 'N', 'N');
INSERT INTO OWNER_RAFAM.USUARIOS VALUES ('ING02', 'ING02', 'GRUPO_INGRESOS', 3, 3, 3, 3, 'N', 'SYSTEM', SYSDATE, NULL, NULL, 'O', 972, 'N', 'N');
INSERT INTO OWNER_RAFAM.USUARIOS VALUES ('ING03', 'ING03', 'GRUPO_INGRESOS', 3, 3, 3, 3, 'N', 'SYSTEM', SYSDATE, NULL, NULL, 'O', 973, 'N', 'N');
INSERT INTO OWNER_RAFAM.USUARIOS VALUES ('ING04', 'ING04', 'GRUPO_INGRESOS', 3, 3, 3, 3, 'N', 'SYSTEM', SYSDATE, NULL, NULL, 'O', 974, 'N', 'N');
INSERT INTO OWNER_RAFAM.USUARIOS VALUES ('ING05', 'ING05', 'GRUPO_INGRESOS', 3, 3, 3, 3, 'N', 'SYSTEM', SYSDATE, NULL, NULL, 'O', 975, 'N', 'N');

INSERT INTO OWNER_RAFAM.USUARIO_MENU VALUES ('ING01', 'Ingresos Públicos', 'ING00000', 1);
INSERT INTO OWNER_RAFAM.USUARIO_MENU VALUES ('ING02', 'Ingresos Públicos', 'ING00000', 1);
INSERT INTO OWNER_RAFAM.USUARIO_MENU VALUES ('ING03', 'Ingresos Públicos', 'ING00000', 1);
INSERT INTO OWNER_RAFAM.USUARIO_MENU VALUES ('ING04', 'Ingresos Públicos', 'ING00000', 1);
INSERT INTO OWNER_RAFAM.USUARIO_MENU VALUES ('ING05', 'Ingresos Públicos', 'ING00000', 1);

INSERT INTO OWNER_RAFAM.GRUPO_USUARIO_MENU VALUES ('GRUPO_INVERSION', 'Ingresos Públicos', 'ING00000', 1);


COMMIT;

SPOOL OFF;
EXIT;
